filename,label
gray man demo.png,Left and right shoulder
gray man demo1.png,Left shoulder and left upper leg
gray man demo2.png,Back
gray man demo3.png,Right front and back head
gray man demo4.png,Right stomach and left upper leg and right foot
gray man demo5.png,right upper leg and left foot
gray man demo6.png,Back
gray man demo7.png,Right knee and left foot
gray man demo8.png,Left front shoulder and right back shoulder and right ear
gray man demo9.png,Left arm and right buttock and right lower leg
gray man demo10.png,Chest and stomach and left shoulder
gray man demo11.png,Right arm and left buttock and right foot
gray man demo12.png,Right foot and left foot
gray man demo13.png,Right lower leg and left lower leg and back of neck
gray man demo14.png,Right shoulder and 3 on left leg
gray man demo15.png,Right shoulder and right arm and left upper leg and right leg
gray man demo16.png,Neck snd right arm and left hip and left knee
gray man demo17.png,Back of neck
gray man demo18.png,left armpit and right hip and left upper leg
gray man demo19.png,Lower back and left knee and right lower leg
gray man demo20.png,right upper leg and left upper leg and left foot
gray man demo21.png,left shoulder and right foot
gray man demo22.png,left shoulder and right arm
gray man demo23.png,right hip and left knee
gray man demo24.png,left shoulder and left lower leg and right foot
gray man demo25.png,left shoulder and stomach and right hip and right foot
gray man demo26.png,right shoulder and right upper leg and left knee
gray man demo27.png,left buttock and right knee
gray man demo28.png,right armpit and stomach and left buttock and right upper leg and left knee
gray man demo29.png,Buttock and right foot and left foot
gray man demo30.png,right upper leg and back
gray man demo31.png,chest and back head and right foot
gray man demo32.png,left side stomach
gray man demo33.png,right side stomach and right upper leg
gray man demo34.png,right upper leg and left foot
gray man demo35.png,left shoulder and back and stomach and right foot
gray man demo36.png,back
gray man demo37.png,right foot
gray man demo38.png,right armpit and left upper leg
gray man demo39.png,chest and left upper leg
gray man demo40.png,stomach and back
gray man demo41.png,chest and back and right foot
gray man demo42.png,stomach and back and left foot
gray man demo43.png,right arm and left upper leg
gray man demo44.png,left arm and left upper leg
gray man demo45.png,left side stomach
gray man demo46.png,back
gray man demo47.png,right side stomach
gray man demo48.png,right shoulder and left armpit and left lower leg
gray man demo49.png,chest and back and back of neck and right lower leg
gray man demo50.png,stomach and right hip and left foot
gray man demo51.png,stomach and back and buttock and right foot
gray man demo52.png,chest and back and left leg and right foot
gray man demo53.png,back and buttock and right foot and left foot
gray man demo54.png,right ear and right side stomach and left lower leg
gray man demo55.png,right armpit and stomach and back am right leg
gray man demo56.png,right upper leg and left upper leg and right foot
gray man demo57.png,right side stomach and right leg and right knee
gray man demo58.png,left side stomach and left upper leg and left knee
gray man demo59.png,left hip and right foot
gray man demo60.png,buttock and left foot
gray man demo61.png,right hip
gray man demo62.png,left armpit 
gray man demo63.png,back
gray man demo64.png,right armpit
gray man demo65.png,right foot
gray man demo66.png,left foot
gray man demo67.png,left hip
gray man demo68.png,right hip
gray man demo69.png,right lower leg
gray man demo70.png,left lower leg
gray man demo71.png,right lower leg and buttock
gray man demo72.png,right armpit and stomach and back and right hip and left foot
gray man demo73.png,stomach and back and head
gray man demo74.png,left armpit and left hand
gray man demo75.png,right arm and back
gray man demo76.png,back and left foot
gray man demo77.png,back and left lower leg and foot
gray man demo78.png,right side stomach and right lower leg and right foor
gray man demo79.png,right knee
gray man demo80.png,left knee
gray man demo81.png,left armpit and left arm and nack and left upper leg
gray man demo82.png,back of neck and right armpit and right side stomach and right arm
gray man demo83.png,stomach and right upper leg and left upper leg
gray man demo84.png,back and left hip and right buttock and right foot
gray man demo85.png,left upper leg and right lower led and back
gray man demo86.png,head and back and right upper leg and left lower leg
gray man demo87.png,right leg and left leg and back
gray man demo88.png,chest and stomach and left armpit and right armpit and right leg and right foot
gray man demo89.png,right shoulder and chest and back and right upper leg and left upper leg and left foot
gray man demo90.png,back and right knee
gray man demo91.png,back and left knee
gray man demo92.png,back and stomach and right upper leg
gray man demo93.png,right armpit and left knee
gray man demo94.png,back and right arm and left lower leg
gray man demo95.png,back of neck and right upper leg and left knee
gray man demo96.png,left buttock and back
gray man demo97.png,right armpit and left armpit and back
gray man demo98.png,right arm and left arm and right foot
gray man demo99.png,back of neck and back and left foot