filename,label,
demo green front.png,Left shoulder,
demo green front1.png,Right shoulder,
demo green front2png,Right elbow,
demo green front3.png,Left elbow,
demo green front4.png,Left knee,
demo green front5.png,Right knee,
demo green front6.png,Right upper leg,
demo green front7.png,Left upper leg,
demo green front8.png,Right lower leg,
demo green front9.png,Left lower leg,
demo green front10.png,Neck,
demo green front11.png,Right arm,
demo green front12.png,Left arm,
demo green front13.png,Left leg,
demo green front14.png,Right leg,
demo green front15.png,Left foot,
demo green front16.png,Right foot,
demo green front17.png,Left ear,
demo green front18.png,Right ear,
demo green front19.png,Right side stomach,
demo green front20.png,Left side stomach,
demo green front21.png,Left hip,
demo green front22.png,Right hip,
demo green front23.png,Right upper leg,
demo green front24.png,Right upper leg,(same as 6)
demo green front25.png,Left upper leg,(same as 7)
demo green front26.png,Left upper leg,
demo green front27.png,Right armpit,
demo green front28.png,Left armpit,
demo green front29.png,Left middle stomach,
demo green front30.png,Stomach,
demo green front31.png,Right middle stomach,
demo green front32.png,Right side chest,
demo green front33.png,Chest,
demo green front34.png,Left side chest,
demo green front35.png,Left stomach and right upper leg,
demo green front36.png,Right stomach and left upper leg,
demo green front37.png,Left upper leg and right lower leg,
demo green front38.png,Right upper leg and left lower leg,
demo green front39.png,Right foot and left foot,
green man back.png,Right armpit ,
green man back1.png,Right hip,
green man back2.png,Left armpit ,
green man back3.png,Left ear,
green man back4.png,Left foot,
green man back5.png,Right foot,
green man back6.png,Right hip,
green man back7.png,Left hip,
green man back8.png,Left armpit,(same as 2)
green man back9.png,Right armpit ,(same as 0)
green man back10.png,Left upper leg,
green man back11.png,Right upper leg,
green man back12.png,Back,
green man back13.png,Right upper leg,(same as 11)
green man back14.png,Left upper leg,
green man back15.png,Left shoulder,
green man back16.png,Right shoulder,
green man back17.png,Left knee,
green man back18.png,Right knee,
green man back19.png,Left lower leg,
green man back20.png,Right lower leg,
green man back21.png,Right arm,
green man back22.png,Left arm,
green man back23.png,Left hand,
green man back24.png,Right hand,
green man back25.png,Right foot,
green man back26.png,Left foot,
green man back27.png,Lower back,
green man back28.png,Right buttock,
green man back29.png,Left buttock,
green man back30.png,Left side back,
green man back31.png,Right side back,
green man back32.png,Right middle back,
green man back33.png,Middle back,
green man back34.png,Left middle back,
green man back35.png,Left side back,
green man back36.png,Back,
green man back37.png,Right side back,
green man back38.png,Right buttock,
green man back39.png,Left side back,
green man back40.png,Left lower leg,
green man back41.png,Right lower leg,
green man back42.png,Right arm,
green man back43.png,Left arm,
green man back44.png,Left arm,
green man back45.png,Right arm,
green man back46.png,Left back,
green man back47.png,Right back,
green man back48.png,Right back,
green man back49.png,Left elbow,
green man back50.png,Left right,
green man back51.png,Head,
green man back52.png,Right neck,
green man back53.png,Neck,
green man back54.png,Left neck,
green man back55.png,Left shoulder,
green man back56.png,Right shoulder,
green man back57.png,Left upper leg,
green man back58.png,Right upper leg,
green man back59.png,Buttock,