{
    "step_tree":
    {
        "run_normal": true,
        "normal_sample": 8000,
        "use_tree_v1": true
    },
    "step_fastdup":
    {
        "fastdup_run_kwargs":
        {
            "model_path": "dinov2s",
            "nearest_neighbors_k": 5
        }
    },
    "step_issues_generator":
    {
        "overrides_dict":
        {
            "images":
            {
                "duplicates":
                {
                    "threshold": 0.80
                },
                "outliers":
                {
                    "threshold": 0.03
                },
                "dark":
                {
                    "threshold": 30
                },
                "bright":
                {
                    "threshold": 170
                },
                "blur":
                {
                    "threshold": 45
                }
            },
            "objects":
            {
                "duplicates":
                {
                    "threshold": 0.98
                },
                "mislabels":
                {
                    "threshold": 1.4
                },
                "outliers":
                {
                    "threshold": 0.01
                },
                "blur":
                {
                    "threshold": 20
                },
                "dark":
                {
                    "threshold": 10
                },
                "bright":
                {
                    "threshold": 215
                }
            }
        }
    }
}
